create database hw19
go
use hw19


CREATE PROCEDURE sp_EmployeeBonus
AS
BEGIN
    CREATE TABLE #EmployeeBonus (
        EmployeeID INT,
        FullName NVARCHAR(100),
        Department NVARCHAR(50),
        Salary DECIMAL(10,2),
        BonusAmount DECIMAL(10,2)
    );

    INSERT INTO #EmployeeBonus
    SELECT 
        e.EmployeeID,
        e.FirstName + ' ' + e.LastName AS FullName,
        e.Department,
        e.Salary,
        e.Salary * d.BonusPercentage / 100 AS BonusAmount
    FROM Employees e
    JOIN DepartmentBonus d 
        ON e.Department = d.Department;

    SELECT * FROM #EmployeeBonus;
END;



CREATE PROCEDURE sp_UpdateSalaryByDepartment
    @Dept NVARCHAR(50),
    @IncreasePercent DECIMAL(5,2)
AS
BEGIN
    UPDATE Employees
    SET Salary = Salary + (Salary * @IncreasePercent / 100)
    WHERE Department = @Dept;

    SELECT * FROM Employees WHERE Department = @Dept;
END;


MERGE INTO Products_Current AS Target
USING Products_New AS Source
ON Target.ProductID = Source.ProductID
WHEN MATCHED THEN
    UPDATE SET 
        Target.ProductName = Source.ProductName,
        Target.Price = Source.Price
WHEN NOT MATCHED BY TARGET THEN
    INSERT (ProductID, ProductName, Price)
    VALUES (Source.ProductID, Source.ProductName, Source.Price)
WHEN NOT MATCHED BY SOURCE THEN
    DELETE;






	SELECT 
    t1.id,
    CASE
        WHEN t1.p_id IS NULL THEN 'Root'
        WHEN t1.id IN (SELECT DISTINCT p_id FROM Tree WHERE p_id IS NOT NULL) THEN 'Inner'
        ELSE 'Leaf'
    END AS type
FROM Tree t1
ORDER BY t1.id;

SELECT * FROM Products_Current;



CREATE TABLE IF NOT EXISTS Signups (user_id INT, time_stamp DATETIME);
CREATE TABLE IF NOT EXISTS Confirmations (user_id INT, time_stamp DATETIME, action ENUM('confirmed','timeout'));

TRUNCATE TABLE Signups;
INSERT INTO Signups (user_id, time_stamp) VALUES 
(3, '2020-03-21 10:16:13'),
(7, '2020-01-04 13:57:59'),
(2, '2020-07-29 23:09:44'),
(6, '2020-12-09 10:39:37');

TRUNCATE TABLE Confirmations;
INSERT INTO Confirmations (user_id, time_stamp, action) VALUES 
(3, '2021-01-06 03:30:46', 'timeout'),
(3, '2021-07-14 14:00:00', 'timeout'),
(7, '2021-06-12 11:57:29', 'confirmed'),
(7, '2021-06-13 12:58:28', 'confirmed'),
(7, '2021-06-14 13:59:27', 'confirmed'),
(2, '2021-01-22 00:00:00', 'confirmed'),
(2, '2021-02-28 23:59:59', 'timeout');




SELECT 
    s.user_id,
    ISNULL(
        ROUND(SUM(CASE WHEN c.action = 'confirmed' THEN 1.0 ELSE 0 END) 
        / NULLIF(COUNT(c.action), 0), 2), 0) AS confirmation_rate
FROM Signups s
LEFT JOIN Confirmations c
    ON s.user_id = c.user_id
GROUP BY s.user_id
ORDER BY s.user_id DESC;



-- Products Table
CREATE TABLE Products (
    ProductID INT PRIMARY KEY,
    ProductName NVARCHAR(100),
    Category NVARCHAR(50),
    Price DECIMAL(10,2)
);

-- Sales Table
CREATE TABLE Sales (
    SaleID INT PRIMARY KEY,
    ProductID INT FOREIGN KEY REFERENCES Products(ProductID),
    Quantity INT,
    SaleDate DATE
);

INSERT INTO Products (ProductID, ProductName, Category, Price) VALUES
(1, 'Laptop Model A', 'Electronics', 1200),
(2, 'Laptop Model B', 'Electronics', 1500),
(3, 'Tablet Model X', 'Electronics', 600),
(4, 'Tablet Model Y', 'Electronics', 700),
(5, 'Smartphone Alpha', 'Electronics', 800),
(6, 'Smartphone Beta', 'Electronics', 850),
(7, 'Smartwatch Series 1', 'Wearables', 300),
(8, 'Smartwatch Series 2', 'Wearables', 350),
(9, 'Headphones Basic', 'Accessories', 150),
(10, 'Headphones Pro', 'Accessories', 250),
(11, 'Wireless Mouse', 'Accessories', 50),
(12, 'Wireless Keyboard', 'Accessories', 80),
(13, 'Desktop PC Standard', 'Computers', 1000),
(14, 'Desktop PC Gaming', 'Computers', 2000),
(15, 'Monitor 24 inch', 'Displays', 200),
(16, 'Monitor 27 inch', 'Displays', 300),
(17, 'Printer Basic', 'Office', 120),
(18, 'Printer Pro', 'Office', 400),
(19, 'Router Basic', 'Networking', 70),
(20, 'Router Pro', 'Networking', 150);

INSERT INTO Sales (SaleID, ProductID, Quantity, SaleDate) VALUES
(1, 1, 2, '2024-01-15'),
(2, 1, 1, '2024-02-10'),
(3, 1, 3, '2024-03-08'),
(4, 2, 1, '2024-01-22'),
(5, 3, 5, '2024-01-20'),
(6, 5, 2, '2024-02-18'),
(7, 5, 1, '2024-03-25'),
(8, 6, 4, '2024-04-02'),
(9, 7, 2, '2024-01-30'),
(10, 7, 1, '2024-02-25'),
(11, 7, 1, '2024-03-15'),
(12, 9, 8, '2024-01-18'),
(13, 9, 5, '2024-02-20'),
(14, 10, 3, '2024-03-22'),
(15, 11, 2, '2024-02-14'),
(16, 13, 1, '2024-03-10'),
(17, 14, 2, '2024-03-22'),
(18, 15, 5, '2024-02-01'),
(19, 15, 3, '2024-03-11'),
(20, 19, 4, '2024-04-01');



CREATE PROCEDURE GetProductSalesSummary
    @ProductID INT
AS
BEGIN
    SELECT 
        p.ProductName,
        SUM(s.Quantity) AS TotalQuantity,
        SUM(s.Quantity * p.Price) AS TotalAmount,
        MIN(s.SaleDate) AS FirstSaleDate,
        MAX(s.SaleDate) AS LastSaleDate
    FROM Products p
    LEFT JOIN Sales s ON p.ProductID = s.ProductID
    WHERE p.ProductID = @ProductID
    GROUP BY p.ProductName;
END;


